Date,Program,Provider,Attendance
10/1/2017,Housing-Focused Shelter,Boulder Shelter for the Homeless,120
10/2/2017,Housing-Focused Shelter,Boulder Shelter for the Homeless,146
10/3/2017,Housing-Focused Shelter,Boulder Shelter for the Homeless,143
10/4/2017,Housing-Focused Shelter,Boulder Shelter for the Homeless,152
10/5/2017,Housing-Focused Shelter,Boulder Shelter for the Homeless,151
10/6/2017,Housing-Focused Shelter,Boulder Shelter for the Homeless,147
10/7/2017,Housing-Focused Shelter,Boulder Shelter for the Homeless,130
10/8/2017,Housing-Focused Shelter,Boulder Shelter for the Homeless,151
10/9/2017,Housing-Focused Shelter,Boulder Shelter for the Homeless,142
10/10/2017,Housing-Focused Shelter,Boulder Shelter for the Homeless,144
10/11/2017,Housing-Focused Shelter,Boulder Shelter for the Homeless,136
10/12/2017,Housing-Focused Shelter,Boulder Shelter for the Homeless,133
10/13/2017,Housing-Focused Shelter,Boulder Shelter for the Homeless,141
10/14/2017,Housing-Focused Shelter,Boulder Shelter for the Homeless,139
10/15/2017,Housing-Focused Shelter,Boulder Shelter for the Homeless,144
10/16/2017,Housing-Focused Shelter,Boulder Shelter for the Homeless,144
10/17/2017,Housing-Focused Shelter,Boulder Shelter for the Homeless,152
10/18/2017,Housing-Focused Shelter,Boulder Shelter for the Homeless,143
10/19/2017,Housing-Focused Shelter,Boulder Shelter for the Homeless,143
10/20/2017,Housing-Focused Shelter,Boulder Shelter for the Homeless,145
10/21/2017,Housing-Focused Shelter,Boulder Shelter for the Homeless,146
10/22/2017,Housing-Focused Shelter,Boulder Shelter for the Homeless,139
10/23/2017,Housing-Focused Shelter,Boulder Shelter for the Homeless,142
10/24/2017,Housing-Focused Shelter,Boulder Shelter for the Homeless,149
10/25/2017,Housing-Focused Shelter,Boulder Shelter for the Homeless,144
10/26/2017,Housing-Focused Shelter,Boulder Shelter for the Homeless,153
10/27/2017,Housing-Focused Shelter,Boulder Shelter for the Homeless,154
10/28/2017,Housing-Focused Shelter,Boulder Shelter for the Homeless,144
10/29/2017,Housing-Focused Shelter,Boulder Shelter for the Homeless,140
10/30/2017,Housing-Focused Shelter,Boulder Shelter for the Homeless,144
10/31/2017,Housing-Focused Shelter,Boulder Shelter for the Homeless,135
11/1/2017,Housing-Focused Shelter,Boulder Shelter for the Homeless,136
11/2/2017,Housing-Focused Shelter,Boulder Shelter for the Homeless,131
11/3/2017,Housing-Focused Shelter,Boulder Shelter for the Homeless,137
11/4/2017,Housing-Focused Shelter,Boulder Shelter for the Homeless,132
11/5/2017,Housing-Focused Shelter,Boulder Shelter for the Homeless,142
11/6/2017,Housing-Focused Shelter,Boulder Shelter for the Homeless,144
11/7/2017,Housing-Focused Shelter,Boulder Shelter for the Homeless,148
11/8/2017,Housing-Focused Shelter,Boulder Shelter for the Homeless,140
11/9/2017,Housing-Focused Shelter,Boulder Shelter for the Homeless,137
11/10/2017,Housing-Focused Shelter,Boulder Shelter for the Homeless,145
11/11/2017,Housing-Focused Shelter,Boulder Shelter for the Homeless,129
11/12/2017,Housing-Focused Shelter,Boulder Shelter for the Homeless,142
11/13/2017,Housing-Focused Shelter,Boulder Shelter for the Homeless,141
11/14/2017,Housing-Focused Shelter,Boulder Shelter for the Homeless,141
11/15/2017,Housing-Focused Shelter,Boulder Shelter for the Homeless,146
11/16/2017,Housing-Focused Shelter,Boulder Shelter for the Homeless,154
11/17/2017,Housing-Focused Shelter,Boulder Shelter for the Homeless,143
11/18/2017,Housing-Focused Shelter,Boulder Shelter for the Homeless,154
11/19/2017,Housing-Focused Shelter,Boulder Shelter for the Homeless,147
11/20/2017,Housing-Focused Shelter,Boulder Shelter for the Homeless,148
11/21/2017,Housing-Focused Shelter,Boulder Shelter for the Homeless,147
11/22/2017,Housing-Focused Shelter,Boulder Shelter for the Homeless,138
11/23/2017,Housing-Focused Shelter,Boulder Shelter for the Homeless,125
11/24/2017,Housing-Focused Shelter,Boulder Shelter for the Homeless,135
11/25/2017,Housing-Focused Shelter,Boulder Shelter for the Homeless,133
11/26/2017,Housing-Focused Shelter,Boulder Shelter for the Homeless,135
11/27/2017,Housing-Focused Shelter,Boulder Shelter for the Homeless,139
11/28/2017,Housing-Focused Shelter,Boulder Shelter for the Homeless,141
11/29/2017,Housing-Focused Shelter,Boulder Shelter for the Homeless,135
11/30/2017,Housing-Focused Shelter,Boulder Shelter for the Homeless,135
12/1/2017,Housing-Focused Shelter,Boulder Shelter for the Homeless,127
12/2/2017,Housing-Focused Shelter,Boulder Shelter for the Homeless,123
12/3/2017,Housing-Focused Shelter,Boulder Shelter for the Homeless,121
12/4/2017,Housing-Focused Shelter,Boulder Shelter for the Homeless,129
12/5/2017,Housing-Focused Shelter,Boulder Shelter for the Homeless,133
12/6/2017,Housing-Focused Shelter,Boulder Shelter for the Homeless,134
12/7/2017,Housing-Focused Shelter,Boulder Shelter for the Homeless,137
12/8/2017,Housing-Focused Shelter,Boulder Shelter for the Homeless,136
12/9/2017,Housing-Focused Shelter,Boulder Shelter for the Homeless,134
12/10/2017,Housing-Focused Shelter,Boulder Shelter for the Homeless,129
12/11/2017,Housing-Focused Shelter,Boulder Shelter for the Homeless,132
12/12/2017,Housing-Focused Shelter,Boulder Shelter for the Homeless,138
12/13/2017,Housing-Focused Shelter,Boulder Shelter for the Homeless,141
12/14/2017,Housing-Focused Shelter,Boulder Shelter for the Homeless,142
12/15/2017,Housing-Focused Shelter,Boulder Shelter for the Homeless,146
12/16/2017,Housing-Focused Shelter,Boulder Shelter for the Homeless,148
12/17/2017,Housing-Focused Shelter,Boulder Shelter for the Homeless,147
12/18/2017,Housing-Focused Shelter,Boulder Shelter for the Homeless,152
12/19/2017,Housing-Focused Shelter,Boulder Shelter for the Homeless,159
12/20/2017,Housing-Focused Shelter,Boulder Shelter for the Homeless,154
12/21/2017,Housing-Focused Shelter,Boulder Shelter for the Homeless,158
12/22/2017,Housing-Focused Shelter,Boulder Shelter for the Homeless,151
12/23/2017,Housing-Focused Shelter,Boulder Shelter for the Homeless,139
12/24/2017,Housing-Focused Shelter,Boulder Shelter for the Homeless,129
12/25/2017,Housing-Focused Shelter,Boulder Shelter for the Homeless,133
12/26/2017,Housing-Focused Shelter,Boulder Shelter for the Homeless,153
12/27/2017,Housing-Focused Shelter,Boulder Shelter for the Homeless,149
12/28/2017,Housing-Focused Shelter,Boulder Shelter for the Homeless,151
12/29/2017,Housing-Focused Shelter,Boulder Shelter for the Homeless,147
12/30/2017,Housing-Focused Shelter,Boulder Shelter for the Homeless,145
12/31/2017,Housing-Focused Shelter,Boulder Shelter for the Homeless,141
1/1/2018,Housing-Focused Shelter,Boulder Shelter for the Homeless,150
1/2/2018,Housing-Focused Shelter,Boulder Shelter for the Homeless,149
1/3/2018,Housing-Focused Shelter,Boulder Shelter for the Homeless,145
1/4/2018,Housing-Focused Shelter,Boulder Shelter for the Homeless,157
1/5/2018,Housing-Focused Shelter,Boulder Shelter for the Homeless,149
1/6/2018,Housing-Focused Shelter,Boulder Shelter for the Homeless,144
1/7/2018,Housing-Focused Shelter,Boulder Shelter for the Homeless,149
1/8/2018,Housing-Focused Shelter,Boulder Shelter for the Homeless,157
1/9/2018,Housing-Focused Shelter,Boulder Shelter for the Homeless,151
1/10/2018,Housing-Focused Shelter,Boulder Shelter for the Homeless,159
1/11/2018,Housing-Focused Shelter,Boulder Shelter for the Homeless,158
1/12/2018,Housing-Focused Shelter,Boulder Shelter for the Homeless,153
1/13/2018,Housing-Focused Shelter,Boulder Shelter for the Homeless,147
1/14/2018,Housing-Focused Shelter,Boulder Shelter for the Homeless,150
1/15/2018,Housing-Focused Shelter,Boulder Shelter for the Homeless,156
1/16/2018,Housing-Focused Shelter,Boulder Shelter for the Homeless,160
1/17/2018,Housing-Focused Shelter,Boulder Shelter for the Homeless,152
1/18/2018,Housing-Focused Shelter,Boulder Shelter for the Homeless,156
1/19/2018,Housing-Focused Shelter,Boulder Shelter for the Homeless,148
1/20/2018,Housing-Focused Shelter,Boulder Shelter for the Homeless,155
1/21/2018,Housing-Focused Shelter,Boulder Shelter for the Homeless,150
1/22/2018,Housing-Focused Shelter,Boulder Shelter for the Homeless,153
1/23/2018,Housing-Focused Shelter,Boulder Shelter for the Homeless,151
1/24/2018,Housing-Focused Shelter,Boulder Shelter for the Homeless,157
1/25/2018,Housing-Focused Shelter,Boulder Shelter for the Homeless,153
1/26/2018,Housing-Focused Shelter,Boulder Shelter for the Homeless,152
1/27/2018,Housing-Focused Shelter,Boulder Shelter for the Homeless,147
1/28/2018,Housing-Focused Shelter,Boulder Shelter for the Homeless,151
1/29/2018,Housing-Focused Shelter,Boulder Shelter for the Homeless,160
1/30/2018,Housing-Focused Shelter,Boulder Shelter for the Homeless,154
1/31/2018,Housing-Focused Shelter,Boulder Shelter for the Homeless,152
2/1/2018,Housing-Focused Shelter,Boulder Shelter for the Homeless,147
2/2/2018,Housing-Focused Shelter,Boulder Shelter for the Homeless,146
2/3/2018,Housing-Focused Shelter,Boulder Shelter for the Homeless,140
2/4/2018,Housing-Focused Shelter,Boulder Shelter for the Homeless,152
2/5/2018,Housing-Focused Shelter,Boulder Shelter for the Homeless,149
2/6/2018,Housing-Focused Shelter,Boulder Shelter for the Homeless,150
2/7/2018,Housing-Focused Shelter,Boulder Shelter for the Homeless,152
2/8/2018,Housing-Focused Shelter,Boulder Shelter for the Homeless,152
2/9/2018,Housing-Focused Shelter,Boulder Shelter for the Homeless,159
2/10/2018,Housing-Focused Shelter,Boulder Shelter for the Homeless,150
2/11/2018,Housing-Focused Shelter,Boulder Shelter for the Homeless,154
2/12/2018,Housing-Focused Shelter,Boulder Shelter for the Homeless,157
2/13/2018,Housing-Focused Shelter,Boulder Shelter for the Homeless,156
2/14/2018,Housing-Focused Shelter,Boulder Shelter for the Homeless,147
2/15/2018,Housing-Focused Shelter,Boulder Shelter for the Homeless,159
2/16/2018,Housing-Focused Shelter,Boulder Shelter for the Homeless,159
2/17/2018,Housing-Focused Shelter,Boulder Shelter for the Homeless,145
2/18/2018,Housing-Focused Shelter,Boulder Shelter for the Homeless,150
2/19/2018,Housing-Focused Shelter,Boulder Shelter for the Homeless,156
2/20/2018,Housing-Focused Shelter,Boulder Shelter for the Homeless,158
2/21/2018,Housing-Focused Shelter,Boulder Shelter for the Homeless,159
2/22/2018,Housing-Focused Shelter,Boulder Shelter for the Homeless,156
2/23/2018,Housing-Focused Shelter,Boulder Shelter for the Homeless,150
2/24/2018,Housing-Focused Shelter,Boulder Shelter for the Homeless,153
2/25/2018,Housing-Focused Shelter,Boulder Shelter for the Homeless,150
2/26/2018,Housing-Focused Shelter,Boulder Shelter for the Homeless,143
2/27/2018,Housing-Focused Shelter,Boulder Shelter for the Homeless,150
2/28/2018,Housing-Focused Shelter,Boulder Shelter for the Homeless,160
3/1/2018,Housing-Focused Shelter,Boulder Shelter for the Homeless,150
3/2/2018,Housing-Focused Shelter,Boulder Shelter for the Homeless,135
3/3/2018,Housing-Focused Shelter,Boulder Shelter for the Homeless,135
3/4/2018,Housing-Focused Shelter,Boulder Shelter for the Homeless,141
3/5/2018,Housing-Focused Shelter,Boulder Shelter for the Homeless,149
3/6/2018,Housing-Focused Shelter,Boulder Shelter for the Homeless,147
3/7/2018,Housing-Focused Shelter,Boulder Shelter for the Homeless,152
3/8/2018,Housing-Focused Shelter,Boulder Shelter for the Homeless,147
3/9/2018,Housing-Focused Shelter,Boulder Shelter for the Homeless,151
3/10/2018,Housing-Focused Shelter,Boulder Shelter for the Homeless,148
3/11/2018,Housing-Focused Shelter,Boulder Shelter for the Homeless,148
3/12/2018,Housing-Focused Shelter,Boulder Shelter for the Homeless,154
3/13/2018,Housing-Focused Shelter,Boulder Shelter for the Homeless,149
3/14/2018,Housing-Focused Shelter,Boulder Shelter for the Homeless,144
3/15/2018,Housing-Focused Shelter,Boulder Shelter for the Homeless,143
3/16/2018,Housing-Focused Shelter,Boulder Shelter for the Homeless,143
3/17/2018,Housing-Focused Shelter,Boulder Shelter for the Homeless,139
3/18/2018,Housing-Focused Shelter,Boulder Shelter for the Homeless,148
3/19/2018,Housing-Focused Shelter,Boulder Shelter for the Homeless,159
3/20/2018,Housing-Focused Shelter,Boulder Shelter for the Homeless,154
3/21/2018,Housing-Focused Shelter,Boulder Shelter for the Homeless,151
3/22/2018,Housing-Focused Shelter,Boulder Shelter for the Homeless,151
3/23/2018,Housing-Focused Shelter,Boulder Shelter for the Homeless,147
3/24/2018,Housing-Focused Shelter,Boulder Shelter for the Homeless,147
3/25/2018,Housing-Focused Shelter,Boulder Shelter for the Homeless,156
3/26/2018,Housing-Focused Shelter,Boulder Shelter for the Homeless,158
3/27/2018,Housing-Focused Shelter,Boulder Shelter for the Homeless,157
3/28/2018,Housing-Focused Shelter,Boulder Shelter for the Homeless,158
3/29/2018,Housing-Focused Shelter,Boulder Shelter for the Homeless,148
3/30/2018,Housing-Focused Shelter,Boulder Shelter for the Homeless,136
3/31/2018,Housing-Focused Shelter,Boulder Shelter for the Homeless,136
4/1/2018,Housing-Focused Shelter,Boulder Shelter for the Homeless,137
4/2/2018,Housing-Focused Shelter,Boulder Shelter for the Homeless,143
4/3/2018,Housing-Focused Shelter,Boulder Shelter for the Homeless,140
4/4/2018,Housing-Focused Shelter,Boulder Shelter for the Homeless,146
4/5/2018,Housing-Focused Shelter,Boulder Shelter for the Homeless,146
4/6/2018,Housing-Focused Shelter,Boulder Shelter for the Homeless,144
4/7/2018,Housing-Focused Shelter,Boulder Shelter for the Homeless,144
4/8/2018,Housing-Focused Shelter,Boulder Shelter for the Homeless,138
4/9/2018,Housing-Focused Shelter,Boulder Shelter for the Homeless,140
4/10/2018,Housing-Focused Shelter,Boulder Shelter for the Homeless,143
4/11/2018,Housing-Focused Shelter,Boulder Shelter for the Homeless,143
4/12/2018,Housing-Focused Shelter,Boulder Shelter for the Homeless,149
4/13/2018,Housing-Focused Shelter,Boulder Shelter for the Homeless,156
4/14/2018,Housing-Focused Shelter,Boulder Shelter for the Homeless,146
4/15/2018,Housing-Focused Shelter,Boulder Shelter for the Homeless,152
4/16/2018,Housing-Focused Shelter,Boulder Shelter for the Homeless,148
4/17/2018,Housing-Focused Shelter,Boulder Shelter for the Homeless,157
4/18/2018,Housing-Focused Shelter,Boulder Shelter for the Homeless,151
4/19/2018,Housing-Focused Shelter,Boulder Shelter for the Homeless,150
4/20/2018,Housing-Focused Shelter,Boulder Shelter for the Homeless,153
4/21/2018,Housing-Focused Shelter,Boulder Shelter for the Homeless,157
4/22/2018,Housing-Focused Shelter,Boulder Shelter for the Homeless,140
4/23/2018,Housing-Focused Shelter,Boulder Shelter for the Homeless,145
4/24/2018,Housing-Focused Shelter,Boulder Shelter for the Homeless,153
4/25/2018,Housing-Focused Shelter,Boulder Shelter for the Homeless,140
4/26/2018,Housing-Focused Shelter,Boulder Shelter for the Homeless,141
4/27/2018,Housing-Focused Shelter,Boulder Shelter for the Homeless,141
4/28/2018,Housing-Focused Shelter,Boulder Shelter for the Homeless,135
4/29/2018,Housing-Focused Shelter,Boulder Shelter for the Homeless,141
4/30/2018,Housing-Focused Shelter,Boulder Shelter for the Homeless,146
5/1/2018,Housing-Focused Shelter,Boulder Shelter for the Homeless,124
5/2/2018,Housing-Focused Shelter,Boulder Shelter for the Homeless,129
5/3/2018,Housing-Focused Shelter,Boulder Shelter for the Homeless,138
5/4/2018,Housing-Focused Shelter,Boulder Shelter for the Homeless,123
5/5/2018,Housing-Focused Shelter,Boulder Shelter for the Homeless,118
5/6/2018,Housing-Focused Shelter,Boulder Shelter for the Homeless,129
5/7/2018,Housing-Focused Shelter,Boulder Shelter for the Homeless,134
5/8/2018,Housing-Focused Shelter,Boulder Shelter for the Homeless,129
5/9/2018,Housing-Focused Shelter,Boulder Shelter for the Homeless,136
5/10/2018,Housing-Focused Shelter,Boulder Shelter for the Homeless,125
5/11/2018,Housing-Focused Shelter,Boulder Shelter for the Homeless,137
5/12/2018,Housing-Focused Shelter,Boulder Shelter for the Homeless,128
5/13/2018,Housing-Focused Shelter,Boulder Shelter for the Homeless,137
5/14/2018,Housing-Focused Shelter,Boulder Shelter for the Homeless,137
5/15/2018,Housing-Focused Shelter,Boulder Shelter for the Homeless,139
5/16/2018,Housing-Focused Shelter,Boulder Shelter for the Homeless,128
5/17/2018,Housing-Focused Shelter,Boulder Shelter for the Homeless,136
5/18/2018,Housing-Focused Shelter,Boulder Shelter for the Homeless,147
5/19/2018,Housing-Focused Shelter,Boulder Shelter for the Homeless,142
5/20/2018,Housing-Focused Shelter,Boulder Shelter for the Homeless,138
5/21/2018,Housing-Focused Shelter,Boulder Shelter for the Homeless,135
5/22/2018,Housing-Focused Shelter,Boulder Shelter for the Homeless,140
5/23/2018,Housing-Focused Shelter,Boulder Shelter for the Homeless,133
5/24/2018,Housing-Focused Shelter,Boulder Shelter for the Homeless,133
5/25/2018,Housing-Focused Shelter,Boulder Shelter for the Homeless,126
5/26/2018,Housing-Focused Shelter,Boulder Shelter for the Homeless,128
5/27/2018,Housing-Focused Shelter,Boulder Shelter for the Homeless,126
5/28/2018,Housing-Focused Shelter,Boulder Shelter for the Homeless,137
5/29/2018,Housing-Focused Shelter,Boulder Shelter for the Homeless,141
5/30/2018,Housing-Focused Shelter,Boulder Shelter for the Homeless,150
5/31/2018,Housing-Focused Shelter,Boulder Shelter for the Homeless,142
6/1/2018,Housing-Focused Shelter,Boulder Shelter for the Homeless,133
6/2/2018,Housing-Focused Shelter,Boulder Shelter for the Homeless,121
6/3/2018,Housing-Focused Shelter,Boulder Shelter for the Homeless,130
6/4/2018,Housing-Focused Shelter,Boulder Shelter for the Homeless,130
6/5/2018,Housing-Focused Shelter,Boulder Shelter for the Homeless,145
6/6/2018,Housing-Focused Shelter,Boulder Shelter for the Homeless,150
6/7/2018,Housing-Focused Shelter,Boulder Shelter for the Homeless,144
6/8/2018,Housing-Focused Shelter,Boulder Shelter for the Homeless,137
6/9/2018,Housing-Focused Shelter,Boulder Shelter for the Homeless,132
6/10/2018,Housing-Focused Shelter,Boulder Shelter for the Homeless,141
6/11/2018,Housing-Focused Shelter,Boulder Shelter for the Homeless,135
6/12/2018,Housing-Focused Shelter,Boulder Shelter for the Homeless,145
6/13/2018,Housing-Focused Shelter,Boulder Shelter for the Homeless,151
6/14/2018,Housing-Focused Shelter,Boulder Shelter for the Homeless,146
6/15/2018,Housing-Focused Shelter,Boulder Shelter for the Homeless,146
6/16/2018,Housing-Focused Shelter,Boulder Shelter for the Homeless,142
6/17/2018,Housing-Focused Shelter,Boulder Shelter for the Homeless,150
6/18/2018,Housing-Focused Shelter,Boulder Shelter for the Homeless,145
6/19/2018,Housing-Focused Shelter,Boulder Shelter for the Homeless,155
6/20/2018,Housing-Focused Shelter,Boulder Shelter for the Homeless,147
6/21/2018,Housing-Focused Shelter,Boulder Shelter for the Homeless,144
6/22/2018,Housing-Focused Shelter,Boulder Shelter for the Homeless,136
6/23/2018,Housing-Focused Shelter,Boulder Shelter for the Homeless,124
6/24/2018,Housing-Focused Shelter,Boulder Shelter for the Homeless,151
6/25/2018,Housing-Focused Shelter,Boulder Shelter for the Homeless,136
6/26/2018,Housing-Focused Shelter,Boulder Shelter for the Homeless,136
6/27/2018,Housing-Focused Shelter,Boulder Shelter for the Homeless,138
6/28/2018,Housing-Focused Shelter,Boulder Shelter for the Homeless,146
6/29/2018,Housing-Focused Shelter,Boulder Shelter for the Homeless,130
6/30/2018,Housing-Focused Shelter,Boulder Shelter for the Homeless,129
7/1/2018,Housing-Focused Shelter,Boulder Shelter for the Homeless,122
7/2/2018,Housing-Focused Shelter,Boulder Shelter for the Homeless,128
7/3/2018,Housing-Focused Shelter,Boulder Shelter for the Homeless,129
7/4/2018,Housing-Focused Shelter,Boulder Shelter for the Homeless,113
7/5/2018,Housing-Focused Shelter,Boulder Shelter for the Homeless,137
7/6/2018,Housing-Focused Shelter,Boulder Shelter for the Homeless,129
7/7/2018,Housing-Focused Shelter,Boulder Shelter for the Homeless,119
7/8/2018,Housing-Focused Shelter,Boulder Shelter for the Homeless,132
7/9/2018,Housing-Focused Shelter,Boulder Shelter for the Homeless,129
7/10/2018,Housing-Focused Shelter,Boulder Shelter for the Homeless,138
7/11/2018,Housing-Focused Shelter,Boulder Shelter for the Homeless,146
7/12/2018,Housing-Focused Shelter,Boulder Shelter for the Homeless,138
7/13/2018,Housing-Focused Shelter,Boulder Shelter for the Homeless,136
7/14/2018,Housing-Focused Shelter,Boulder Shelter for the Homeless,132
7/15/2018,Housing-Focused Shelter,Boulder Shelter for the Homeless,140
7/16/2018,Housing-Focused Shelter,Boulder Shelter for the Homeless,143
7/17/2018,Housing-Focused Shelter,Boulder Shelter for the Homeless,151
7/18/2018,Housing-Focused Shelter,Boulder Shelter for the Homeless,148
7/19/2018,Housing-Focused Shelter,Boulder Shelter for the Homeless,146
7/20/2018,Housing-Focused Shelter,Boulder Shelter for the Homeless,141
7/21/2018,Housing-Focused Shelter,Boulder Shelter for the Homeless,139
7/22/2018,Housing-Focused Shelter,Boulder Shelter for the Homeless,136
7/23/2018,Housing-Focused Shelter,Boulder Shelter for the Homeless,151
7/24/2018,Housing-Focused Shelter,Boulder Shelter for the Homeless,152
7/25/2018,Housing-Focused Shelter,Boulder Shelter for the Homeless,149
7/26/2018,Housing-Focused Shelter,Boulder Shelter for the Homeless,153
7/27/2018,Housing-Focused Shelter,Boulder Shelter for the Homeless,150
7/28/2018,Housing-Focused Shelter,Boulder Shelter for the Homeless,134
7/29/2018,Housing-Focused Shelter,Boulder Shelter for the Homeless,136
7/30/2018,Housing-Focused Shelter,Boulder Shelter for the Homeless,152
7/31/2018,Housing-Focused Shelter,Boulder Shelter for the Homeless,141
8/1/2018,Housing-Focused Shelter,Boulder Shelter for the Homeless,139
8/2/2018,Housing-Focused Shelter,Boulder Shelter for the Homeless,133
8/3/2018,Housing-Focused Shelter,Boulder Shelter for the Homeless,128
8/4/2018,Housing-Focused Shelter,Boulder Shelter for the Homeless,134
8/5/2018,Housing-Focused Shelter,Boulder Shelter for the Homeless,124
8/6/2018,Housing-Focused Shelter,Boulder Shelter for the Homeless,135
8/7/2018,Housing-Focused Shelter,Boulder Shelter for the Homeless,142
8/8/2018,Housing-Focused Shelter,Boulder Shelter for the Homeless,140
8/9/2018,Housing-Focused Shelter,Boulder Shelter for the Homeless,139
8/10/2018,Housing-Focused Shelter,Boulder Shelter for the Homeless,133
8/11/2018,Housing-Focused Shelter,Boulder Shelter for the Homeless,130
8/12/2018,Housing-Focused Shelter,Boulder Shelter for the Homeless,137
8/13/2018,Housing-Focused Shelter,Boulder Shelter for the Homeless,141
8/14/2018,Housing-Focused Shelter,Boulder Shelter for the Homeless,160
8/15/2018,Housing-Focused Shelter,Boulder Shelter for the Homeless,152
8/16/2018,Housing-Focused Shelter,Boulder Shelter for the Homeless,153
8/17/2018,Housing-Focused Shelter,Boulder Shelter for the Homeless,146
8/18/2018,Housing-Focused Shelter,Boulder Shelter for the Homeless,146
8/19/2018,Housing-Focused Shelter,Boulder Shelter for the Homeless,152
8/20/2018,Housing-Focused Shelter,Boulder Shelter for the Homeless,152
8/21/2018,Housing-Focused Shelter,Boulder Shelter for the Homeless,156
8/22/2018,Housing-Focused Shelter,Boulder Shelter for the Homeless,155
8/23/2018,Housing-Focused Shelter,Boulder Shelter for the Homeless,146
8/24/2018,Housing-Focused Shelter,Boulder Shelter for the Homeless,145
8/25/2018,Housing-Focused Shelter,Boulder Shelter for the Homeless,143
8/26/2018,Housing-Focused Shelter,Boulder Shelter for the Homeless,136
8/27/2018,Housing-Focused Shelter,Boulder Shelter for the Homeless,131
8/28/2018,Housing-Focused Shelter,Boulder Shelter for the Homeless,136
8/29/2018,Housing-Focused Shelter,Boulder Shelter for the Homeless,138
8/30/2018,Housing-Focused Shelter,Boulder Shelter for the Homeless,138
8/31/2018,Housing-Focused Shelter,Boulder Shelter for the Homeless,133
9/1/2018,Housing-Focused Shelter,Boulder Shelter for the Homeless,120
9/2/2018,Housing-Focused Shelter,Boulder Shelter for the Homeless,127
9/3/2018,Housing-Focused Shelter,Boulder Shelter for the Homeless,131
9/4/2018,Housing-Focused Shelter,Boulder Shelter for the Homeless,137
9/5/2018,Housing-Focused Shelter,Boulder Shelter for the Homeless,140
9/6/2018,Housing-Focused Shelter,Boulder Shelter for the Homeless,139
9/7/2018,Housing-Focused Shelter,Boulder Shelter for the Homeless,126
9/8/2018,Housing-Focused Shelter,Boulder Shelter for the Homeless,132
9/9/2018,Housing-Focused Shelter,Boulder Shelter for the Homeless,136
9/10/2018,Housing-Focused Shelter,Boulder Shelter for the Homeless,138
9/11/2018,Housing-Focused Shelter,Boulder Shelter for the Homeless,143
9/12/2018,Housing-Focused Shelter,Boulder Shelter for the Homeless,138
9/13/2018,Housing-Focused Shelter,Boulder Shelter for the Homeless,144
9/14/2018,Housing-Focused Shelter,Boulder Shelter for the Homeless,140
9/15/2018,Housing-Focused Shelter,Boulder Shelter for the Homeless,138
9/16/2018,Housing-Focused Shelter,Boulder Shelter for the Homeless,140
9/17/2018,Housing-Focused Shelter,Boulder Shelter for the Homeless,140
9/18/2018,Housing-Focused Shelter,Boulder Shelter for the Homeless,139
9/19/2018,Housing-Focused Shelter,Boulder Shelter for the Homeless,140
9/20/2018,Housing-Focused Shelter,Boulder Shelter for the Homeless,143
9/21/2018,Housing-Focused Shelter,Boulder Shelter for the Homeless,136
9/22/2018,Housing-Focused Shelter,Boulder Shelter for the Homeless,127
9/23/2018,Housing-Focused Shelter,Boulder Shelter for the Homeless,142
9/24/2018,Housing-Focused Shelter,Boulder Shelter for the Homeless,144
9/25/2018,Housing-Focused Shelter,Boulder Shelter for the Homeless,156
9/26/2018,Housing-Focused Shelter,Boulder Shelter for the Homeless,147
9/27/2018,Housing-Focused Shelter,Boulder Shelter for the Homeless,154
9/28/2018,Housing-Focused Shelter,Boulder Shelter for the Homeless,157
9/29/2018,Housing-Focused Shelter,Boulder Shelter for the Homeless,135
9/30/2018,Housing-Focused Shelter,Boulder Shelter for the Homeless,147
10/1/2018,Housing-Focused Shelter,Boulder Shelter for the Homeless,148
10/2/2018,Housing-Focused Shelter,Boulder Shelter for the Homeless,157
10/3/2018,Housing-Focused Shelter,Boulder Shelter for the Homeless,153
10/4/2018,Housing-Focused Shelter,Boulder Shelter for the Homeless,150
10/5/2018,Housing-Focused Shelter,Boulder Shelter for the Homeless,150
10/6/2018,Housing-Focused Shelter,Boulder Shelter for the Homeless,146
10/7/2018,Housing-Focused Shelter,Boulder Shelter for the Homeless,158
10/8/2018,Housing-Focused Shelter,Boulder Shelter for the Homeless,159
10/9/2018,Housing-Focused Shelter,Boulder Shelter for the Homeless,160
10/10/2018,Housing-Focused Shelter,Boulder Shelter for the Homeless,160
10/11/2018,Housing-Focused Shelter,Boulder Shelter for the Homeless,159
10/12/2018,Housing-Focused Shelter,Boulder Shelter for the Homeless,157
10/13/2018,Housing-Focused Shelter,Boulder Shelter for the Homeless,159
10/14/2018,Housing-Focused Shelter,Boulder Shelter for the Homeless,160
10/15/2018,Housing-Focused Shelter,Boulder Shelter for the Homeless,159
10/16/2018,Housing-Focused Shelter,Boulder Shelter for the Homeless,160
10/17/2018,Housing-Focused Shelter,Boulder Shelter for the Homeless,160
10/18/2018,Housing-Focused Shelter,Boulder Shelter for the Homeless,159
10/19/2018,Housing-Focused Shelter,Boulder Shelter for the Homeless,158
10/20/2018,Housing-Focused Shelter,Boulder Shelter for the Homeless,157
10/21/2018,Housing-Focused Shelter,Boulder Shelter for the Homeless,157
10/22/2018,Housing-Focused Shelter,Boulder Shelter for the Homeless,160
10/23/2018,Housing-Focused Shelter,Boulder Shelter for the Homeless,157
10/24/2018,Housing-Focused Shelter,Boulder Shelter for the Homeless,160
10/25/2018,Housing-Focused Shelter,Boulder Shelter for the Homeless,160
10/26/2018,Housing-Focused Shelter,Boulder Shelter for the Homeless,159
10/27/2018,Housing-Focused Shelter,Boulder Shelter for the Homeless,157
10/28/2018,Housing-Focused Shelter,Boulder Shelter for the Homeless,160
10/29/2018,Housing-Focused Shelter,Boulder Shelter for the Homeless,160
10/30/2018,Housing-Focused Shelter,Boulder Shelter for the Homeless,160
10/31/2018,Housing-Focused Shelter,Boulder Shelter for the Homeless,160
11/1/2018,Housing-Focused Shelter,Boulder Shelter for the Homeless,156
11/2/2018,Housing-Focused Shelter,Boulder Shelter for the Homeless,142
11/3/2018,Housing-Focused Shelter,Boulder Shelter for the Homeless,153
11/4/2018,Housing-Focused Shelter,Boulder Shelter for the Homeless,160
11/5/2018,Housing-Focused Shelter,Boulder Shelter for the Homeless,160
11/6/2018,Housing-Focused Shelter,Boulder Shelter for the Homeless,160
11/7/2018,Housing-Focused Shelter,Boulder Shelter for the Homeless,157
11/8/2018,Housing-Focused Shelter,Boulder Shelter for the Homeless,160
11/9/2018,Housing-Focused Shelter,Boulder Shelter for the Homeless,158
11/10/2018,Housing-Focused Shelter,Boulder Shelter for the Homeless,154
11/11/2018,Housing-Focused Shelter,Boulder Shelter for the Homeless,158
11/12/2018,Housing-Focused Shelter,Boulder Shelter for the Homeless,157
11/13/2018,Housing-Focused Shelter,Boulder Shelter for the Homeless,158
11/14/2018,Housing-Focused Shelter,Boulder Shelter for the Homeless,159
11/15/2018,Housing-Focused Shelter,Boulder Shelter for the Homeless,158
11/16/2018,Housing-Focused Shelter,Boulder Shelter for the Homeless,158
11/17/2018,Housing-Focused Shelter,Boulder Shelter for the Homeless,155
11/18/2018,Housing-Focused Shelter,Boulder Shelter for the Homeless,159
11/19/2018,Housing-Focused Shelter,Boulder Shelter for the Homeless,160
11/20/2018,Housing-Focused Shelter,Boulder Shelter for the Homeless,160
11/21/2018,Housing-Focused Shelter,Boulder Shelter for the Homeless,154
11/22/2018,Housing-Focused Shelter,Boulder Shelter for the Homeless,133
11/23/2018,Housing-Focused Shelter,Boulder Shelter for the Homeless,151
11/24/2018,Housing-Focused Shelter,Boulder Shelter for the Homeless,156
11/25/2018,Housing-Focused Shelter,Boulder Shelter for the Homeless,154
11/26/2018,Housing-Focused Shelter,Boulder Shelter for the Homeless,159
11/27/2018,Housing-Focused Shelter,Boulder Shelter for the Homeless,159
11/28/2018,Housing-Focused Shelter,Boulder Shelter for the Homeless,150
11/29/2018,Housing-Focused Shelter,Boulder Shelter for the Homeless,160
11/30/2018,Housing-Focused Shelter,Boulder Shelter for the Homeless,157
12/1/2018,Housing-Focused Shelter,Boulder Shelter for the Homeless,147
12/2/2018,Housing-Focused Shelter,Boulder Shelter for the Homeless,155
12/3/2018,Housing-Focused Shelter,Boulder Shelter for the Homeless,154
12/4/2018,Housing-Focused Shelter,Boulder Shelter for the Homeless,155
12/5/2018,Housing-Focused Shelter,Boulder Shelter for the Homeless,158
12/6/2018,Housing-Focused Shelter,Boulder Shelter for the Homeless,160
12/7/2018,Housing-Focused Shelter,Boulder Shelter for the Homeless,159
12/8/2018,Housing-Focused Shelter,Boulder Shelter for the Homeless,152
12/9/2018,Housing-Focused Shelter,Boulder Shelter for the Homeless,158
12/10/2018,Housing-Focused Shelter,Boulder Shelter for the Homeless,160
12/11/2018,Housing-Focused Shelter,Boulder Shelter for the Homeless,154
12/12/2018,Housing-Focused Shelter,Boulder Shelter for the Homeless,150
12/13/2018,Housing-Focused Shelter,Boulder Shelter for the Homeless,160
12/14/2018,Housing-Focused Shelter,Boulder Shelter for the Homeless,158
12/15/2018,Housing-Focused Shelter,Boulder Shelter for the Homeless,155
12/16/2018,Housing-Focused Shelter,Boulder Shelter for the Homeless,158
12/17/2018,Housing-Focused Shelter,Boulder Shelter for the Homeless,156
12/18/2018,Housing-Focused Shelter,Boulder Shelter for the Homeless,157
12/19/2018,Housing-Focused Shelter,Boulder Shelter for the Homeless,150
12/20/2018,Housing-Focused Shelter,Boulder Shelter for the Homeless,148
12/21/2018,Housing-Focused Shelter,Boulder Shelter for the Homeless,146
12/22/2018,Housing-Focused Shelter,Boulder Shelter for the Homeless,144
12/23/2018,Housing-Focused Shelter,Boulder Shelter for the Homeless,145
12/24/2018,Housing-Focused Shelter,Boulder Shelter for the Homeless,137
12/25/2018,Housing-Focused Shelter,Boulder Shelter for the Homeless,142
12/26/2018,Housing-Focused Shelter,Boulder Shelter for the Homeless,144
12/27/2018,Housing-Focused Shelter,Boulder Shelter for the Homeless,149
12/28/2018,Housing-Focused Shelter,Boulder Shelter for the Homeless,144
12/29/2018,Housing-Focused Shelter,Boulder Shelter for the Homeless,137
12/30/2018,Housing-Focused Shelter,Boulder Shelter for the Homeless,143
12/31/2018,Housing-Focused Shelter,Boulder Shelter for the Homeless,139
1/1/2019,Housing-Focused Shelter,Boulder Shelter for the Homeless,143
1/2/2019,Housing-Focused Shelter,Boulder Shelter for the Homeless,139
1/3/2019,Housing-Focused Shelter,Boulder Shelter for the Homeless,140
1/4/2019,Housing-Focused Shelter,Boulder Shelter for the Homeless,141
1/5/2019,Housing-Focused Shelter,Boulder Shelter for the Homeless,146
1/6/2019,Housing-Focused Shelter,Boulder Shelter for the Homeless,144
1/7/2019,Housing-Focused Shelter,Boulder Shelter for the Homeless,142
1/8/2019,Housing-Focused Shelter,Boulder Shelter for the Homeless,148
1/9/2019,Housing-Focused Shelter,Boulder Shelter for the Homeless,144
1/10/2019,Housing-Focused Shelter,Boulder Shelter for the Homeless,139
1/11/2019,Housing-Focused Shelter,Boulder Shelter for the Homeless,139
1/12/2019,Housing-Focused Shelter,Boulder Shelter for the Homeless,138
1/13/2019,Housing-Focused Shelter,Boulder Shelter for the Homeless,140
1/14/2019,Housing-Focused Shelter,Boulder Shelter for the Homeless,146
1/15/2019,Housing-Focused Shelter,Boulder Shelter for the Homeless,145
1/16/2019,Housing-Focused Shelter,Boulder Shelter for the Homeless,144
1/17/2019,Housing-Focused Shelter,Boulder Shelter for the Homeless,147
1/18/2019,Housing-Focused Shelter,Boulder Shelter for the Homeless,145
1/19/2019,Housing-Focused Shelter,Boulder Shelter for the Homeless,136
1/20/2019,Housing-Focused Shelter,Boulder Shelter for the Homeless,136
1/21/2019,Housing-Focused Shelter,Boulder Shelter for the Homeless,148
1/22/2019,Housing-Focused Shelter,Boulder Shelter for the Homeless,150
1/23/2019,Housing-Focused Shelter,Boulder Shelter for the Homeless,150
1/24/2019,Housing-Focused Shelter,Boulder Shelter for the Homeless,149
1/25/2019,Housing-Focused Shelter,Boulder Shelter for the Homeless,139
1/26/2019,Housing-Focused Shelter,Boulder Shelter for the Homeless,139
1/27/2019,Housing-Focused Shelter,Boulder Shelter for the Homeless,138
1/28/2019,Housing-Focused Shelter,Boulder Shelter for the Homeless,140
1/29/2019,Housing-Focused Shelter,Boulder Shelter for the Homeless,152
1/30/2019,Housing-Focused Shelter,Boulder Shelter for the Homeless,153
1/31/2019,Housing-Focused Shelter,Boulder Shelter for the Homeless,132
2/1/2019,Housing-Focused Shelter,Boulder Shelter for the Homeless,132
2/2/2019,Housing-Focused Shelter,Boulder Shelter for the Homeless,131
2/3/2019,Housing-Focused Shelter,Boulder Shelter for the Homeless,125
2/4/2019,Housing-Focused Shelter,Boulder Shelter for the Homeless,128
2/5/2019,Housing-Focused Shelter,Boulder Shelter for the Homeless,128
2/6/2019,Housing-Focused Shelter,Boulder Shelter for the Homeless,125
2/7/2019,Housing-Focused Shelter,Boulder Shelter for the Homeless,136
2/8/2019,Housing-Focused Shelter,Boulder Shelter for the Homeless,137
2/9/2019,Housing-Focused Shelter,Boulder Shelter for the Homeless,135
2/10/2019,Housing-Focused Shelter,Boulder Shelter for the Homeless,136
2/11/2019,Housing-Focused Shelter,Boulder Shelter for the Homeless,153
2/12/2019,Housing-Focused Shelter,Boulder Shelter for the Homeless,148
2/13/2019,Housing-Focused Shelter,Boulder Shelter for the Homeless,145
2/14/2019,Housing-Focused Shelter,Boulder Shelter for the Homeless,156
2/15/2019,Housing-Focused Shelter,Boulder Shelter for the Homeless,141
2/16/2019,Housing-Focused Shelter,Boulder Shelter for the Homeless,151
2/17/2019,Housing-Focused Shelter,Boulder Shelter for the Homeless,156
2/18/2019,Housing-Focused Shelter,Boulder Shelter for the Homeless,155
2/19/2019,Housing-Focused Shelter,Boulder Shelter for the Homeless,156
2/20/2019,Housing-Focused Shelter,Boulder Shelter for the Homeless,147
2/21/2019,Housing-Focused Shelter,Boulder Shelter for the Homeless,148
2/22/2019,Housing-Focused Shelter,Boulder Shelter for the Homeless,143
2/23/2019,Housing-Focused Shelter,Boulder Shelter for the Homeless,144
2/24/2019,Housing-Focused Shelter,Boulder Shelter for the Homeless,146
2/25/2019,Housing-Focused Shelter,Boulder Shelter for the Homeless,145
2/26/2019,Housing-Focused Shelter,Boulder Shelter for the Homeless,152
2/27/2019,Housing-Focused Shelter,Boulder Shelter for the Homeless,158
2/28/2019,Housing-Focused Shelter,Boulder Shelter for the Homeless,156
3/1/2019,Housing-Focused Shelter,Boulder Shelter for the Homeless,146
3/2/2019,Housing-Focused Shelter,Boulder Shelter for the Homeless,129
3/3/2019,Housing-Focused Shelter,Boulder Shelter for the Homeless,136
3/4/2019,Housing-Focused Shelter,Boulder Shelter for the Homeless,152
3/5/2019,Housing-Focused Shelter,Boulder Shelter for the Homeless,145
3/6/2019,Housing-Focused Shelter,Boulder Shelter for the Homeless,145
3/7/2019,Housing-Focused Shelter,Boulder Shelter for the Homeless,158
3/8/2019,Housing-Focused Shelter,Boulder Shelter for the Homeless,144
3/9/2019,Housing-Focused Shelter,Boulder Shelter for the Homeless,139
3/10/2019,Housing-Focused Shelter,Boulder Shelter for the Homeless,134
3/11/2019,Housing-Focused Shelter,Boulder Shelter for the Homeless,139
3/12/2019,Housing-Focused Shelter,Boulder Shelter for the Homeless,147
3/13/2019,Housing-Focused Shelter,Boulder Shelter for the Homeless,147
3/14/2019,Housing-Focused Shelter,Boulder Shelter for the Homeless,141
3/15/2019,Housing-Focused Shelter,Boulder Shelter for the Homeless,133
3/16/2019,Housing-Focused Shelter,Boulder Shelter for the Homeless,139
3/17/2019,Housing-Focused Shelter,Boulder Shelter for the Homeless,140
3/18/2019,Housing-Focused Shelter,Boulder Shelter for the Homeless,137
3/19/2019,Housing-Focused Shelter,Boulder Shelter for the Homeless,142
3/20/2019,Housing-Focused Shelter,Boulder Shelter for the Homeless,133
3/21/2019,Housing-Focused Shelter,Boulder Shelter for the Homeless,142
3/22/2019,Housing-Focused Shelter,Boulder Shelter for the Homeless,140
3/23/2019,Housing-Focused Shelter,Boulder Shelter for the Homeless,141
3/24/2019,Housing-Focused Shelter,Boulder Shelter for the Homeless,134
3/25/2019,Housing-Focused Shelter,Boulder Shelter for the Homeless,141
3/26/2019,Housing-Focused Shelter,Boulder Shelter for the Homeless,139
3/27/2019,Housing-Focused Shelter,Boulder Shelter for the Homeless,143
3/28/2019,Housing-Focused Shelter,Boulder Shelter for the Homeless,147
3/29/2019,Housing-Focused Shelter,Boulder Shelter for the Homeless,130
3/30/2019,Housing-Focused Shelter,Boulder Shelter for the Homeless,142
3/31/2019,Housing-Focused Shelter,Boulder Shelter for the Homeless,121
10/1/2017,Path to Home Lodge,Bridge House,40
10/2/2017,Path to Home Lodge,Bridge House,46
10/3/2017,Path to Home Lodge,Bridge House,37
10/4/2017,Path to Home Lodge,Bridge House,39
10/5/2017,Path to Home Lodge,Bridge House,37
10/6/2017,Path to Home Lodge,Bridge House,33
10/7/2017,Path to Home Lodge,Bridge House,25
10/8/2017,Path to Home Lodge,Bridge House,24
10/9/2017,Path to Home Lodge,Bridge House,13
10/10/2017,Path to Home Lodge,Bridge House,40
10/11/2017,Path to Home Lodge,Bridge House,45
10/12/2017,Path to Home Lodge,Bridge House,37
10/13/2017,Path to Home Lodge,Bridge House,40
10/14/2017,Path to Home Lodge,Bridge House,39
10/15/2017,Path to Home Lodge,Bridge House,38
10/16/2017,Path to Home Lodge,Bridge House,42
10/17/2017,Path to Home Lodge,Bridge House,38
10/18/2017,Path to Home Lodge,Bridge House,44
10/19/2017,Path to Home Lodge,Bridge House,38
10/20/2017,Path to Home Lodge,Bridge House,31
10/21/2017,Path to Home Lodge,Bridge House,33
10/22/2017,Path to Home Lodge,Bridge House,39
10/23/2017,Path to Home Lodge,Bridge House,40
10/24/2017,Path to Home Lodge,Bridge House,37
10/25/2017,Path to Home Lodge,Bridge House,35
10/26/2017,Path to Home Lodge,Bridge House,48
10/27/2017,Path to Home Lodge,Bridge House,48
10/28/2017,Path to Home Lodge,Bridge House,36
10/29/2017,Path to Home Lodge,Bridge House,28
10/30/2017,Path to Home Lodge,Bridge House,24
10/31/2017,Path to Home Lodge,Bridge House,40
11/1/2017,Path to Home Lodge,Bridge House,36
11/2/2017,Path to Home Lodge,Bridge House,44
11/3/2017,Path to Home Lodge,Bridge House,33
11/4/2017,Path to Home Lodge,Bridge House,32
11/5/2017,Path to Home Lodge,Bridge House,33
11/6/2017,Path to Home Lodge,Bridge House,46
11/7/2017,Path to Home Lodge,Bridge House,29
11/8/2017,Path to Home Lodge,Bridge House,42
11/9/2017,Path to Home Lodge,Bridge House,36
11/10/2017,Path to Home Lodge,Bridge House,37
11/11/2017,Path to Home Lodge,Bridge House,31
11/12/2017,Path to Home Lodge,Bridge House,30
11/13/2017,Path to Home Lodge,Bridge House,31
11/14/2017,Path to Home Lodge,Bridge House,33
11/15/2017,Path to Home Lodge,Bridge House,35
11/16/2017,Path to Home Lodge,Bridge House,36
11/17/2017,Path to Home Lodge,Bridge House,38
11/18/2017,Path to Home Lodge,Bridge House,27
11/19/2017,Path to Home Lodge,Bridge House,31
11/20/2017,Path to Home Lodge,Bridge House,31
11/21/2017,Path to Home Lodge,Bridge House,34
11/22/2017,Path to Home Lodge,Bridge House,32
11/23/2017,Path to Home Lodge,Bridge House,24
11/24/2017,Path to Home Lodge,Bridge House,24
11/25/2017,Path to Home Lodge,Bridge House,28
11/26/2017,Path to Home Lodge,Bridge House,32
11/27/2017,Path to Home Lodge,Bridge House,26
11/28/2017,Path to Home Lodge,Bridge House,33
11/29/2017,Path to Home Lodge,Bridge House,41
11/30/2017,Path to Home Lodge,Bridge House,46
12/1/2017,Path to Home Lodge,Bridge House,38
12/2/2017,Path to Home Lodge,Bridge House,37
12/3/2017,Path to Home Lodge,Bridge House,33
12/4/2017,Path to Home Lodge,Bridge House,35
12/5/2017,Path to Home Lodge,Bridge House,47
12/6/2017,Path to Home Lodge,Bridge House,37
12/7/2017,Path to Home Lodge,Bridge House,44
12/8/2017,Path to Home Lodge,Bridge House,52
12/9/2017,Path to Home Lodge,Bridge House,48
12/10/2017,Path to Home Lodge,Bridge House,52
12/11/2017,Path to Home Lodge,Bridge House,51
12/12/2017,Path to Home Lodge,Bridge House,45
12/13/2017,Path to Home Lodge,Bridge House,41
12/14/2017,Path to Home Lodge,Bridge House,47
12/15/2017,Path to Home Lodge,Bridge House,38
12/16/2017,Path to Home Lodge,Bridge House,25
12/17/2017,Path to Home Lodge,Bridge House,37
12/18/2017,Path to Home Lodge,Bridge House,45
12/19/2017,Path to Home Lodge,Bridge House,48
12/20/2017,Path to Home Lodge,Bridge House,39
12/21/2017,Path to Home Lodge,Bridge House,50
12/22/2017,Path to Home Lodge,Bridge House,52
12/23/2017,Path to Home Lodge,Bridge House,50
12/24/2017,Path to Home Lodge,Bridge House,47
12/25/2017,Path to Home Lodge,Bridge House,52
12/26/2017,Path to Home Lodge,Bridge House,48
12/27/2017,Path to Home Lodge,Bridge House,58
12/28/2017,Path to Home Lodge,Bridge House,60
12/29/2017,Path to Home Lodge,Bridge House,42
12/30/2017,Path to Home Lodge,Bridge House,38
12/31/2017,Path to Home Lodge,Bridge House,42
1/1/2018,Path to Home Lodge,Bridge House,40
1/2/2018,Path to Home Lodge,Bridge House,52
1/3/2018,Path to Home Lodge,Bridge House,53
1/4/2018,Path to Home Lodge,Bridge House,53
1/5/2018,Path to Home Lodge,Bridge House,53
1/6/2018,Path to Home Lodge,Bridge House,46
1/7/2018,Path to Home Lodge,Bridge House,50
1/8/2018,Path to Home Lodge,Bridge House,47
1/9/2018,Path to Home Lodge,Bridge House,49
1/10/2018,Path to Home Lodge,Bridge House,41
1/11/2018,Path to Home Lodge,Bridge House,54
1/12/2018,Path to Home Lodge,Bridge House,55
1/13/2018,Path to Home Lodge,Bridge House,52
1/14/2018,Path to Home Lodge,Bridge House,45
1/15/2018,Path to Home Lodge,Bridge House,43
1/16/2018,Path to Home Lodge,Bridge House,50
1/17/2018,Path to Home Lodge,Bridge House,62
1/18/2018,Path to Home Lodge,Bridge House,52
1/19/2018,Path to Home Lodge,Bridge House,55
1/20/2018,Path to Home Lodge,Bridge House,46
1/21/2018,Path to Home Lodge,Bridge House,55
1/22/2018,Path to Home Lodge,Bridge House,48
1/23/2018,Path to Home Lodge,Bridge House,51
1/24/2018,Path to Home Lodge,Bridge House,58
1/25/2018,Path to Home Lodge,Bridge House,61
1/26/2018,Path to Home Lodge,Bridge House,45
1/27/2018,Path to Home Lodge,Bridge House,43
1/28/2018,Path to Home Lodge,Bridge House,40
1/29/2018,Path to Home Lodge,Bridge House,47
1/30/2018,Path to Home Lodge,Bridge House,50
1/31/2018,Path to Home Lodge,Bridge House,36
2/1/2018,Path to Home Lodge,Bridge House,39
2/2/2018,Path to Home Lodge,Bridge House,37
2/3/2018,Path to Home Lodge,Bridge House,33
2/4/2018,Path to Home Lodge,Bridge House,38
2/5/2018,Path to Home Lodge,Bridge House,48
2/6/2018,Path to Home Lodge,Bridge House,33
2/7/2018,Path to Home Lodge,Bridge House,36
2/8/2018,Path to Home Lodge,Bridge House,34
2/9/2018,Path to Home Lodge,Bridge House,34
2/10/2018,Path to Home Lodge,Bridge House,33
2/11/2018,Path to Home Lodge,Bridge House,52
2/12/2018,Path to Home Lodge,Bridge House,45
2/13/2018,Path to Home Lodge,Bridge House,36
2/14/2018,Path to Home Lodge,Bridge House,37
2/15/2018,Path to Home Lodge,Bridge House,39
2/16/2018,Path to Home Lodge,Bridge House,39
2/17/2018,Path to Home Lodge,Bridge House,37
2/18/2018,Path to Home Lodge,Bridge House,52
2/19/2018,Path to Home Lodge,Bridge House,53
2/20/2018,Path to Home Lodge,Bridge House,37
2/21/2018,Path to Home Lodge,Bridge House,41
2/22/2018,Path to Home Lodge,Bridge House,42
2/23/2018,Path to Home Lodge,Bridge House,40
2/24/2018,Path to Home Lodge,Bridge House,40
2/25/2018,Path to Home Lodge,Bridge House,40
2/26/2018,Path to Home Lodge,Bridge House,42
2/27/2018,Path to Home Lodge,Bridge House,40
2/28/2018,Path to Home Lodge,Bridge House,38
3/1/2018,Path to Home Lodge,Bridge House,37
3/2/2018,Path to Home Lodge,Bridge House,24
3/3/2018,Path to Home Lodge,Bridge House,26
3/4/2018,Path to Home Lodge,Bridge House,34
3/5/2018,Path to Home Lodge,Bridge House,37
3/6/2018,Path to Home Lodge,Bridge House,36
3/7/2018,Path to Home Lodge,Bridge House,37
3/8/2018,Path to Home Lodge,Bridge House,42
3/9/2018,Path to Home Lodge,Bridge House,44
3/10/2018,Path to Home Lodge,Bridge House,37
3/11/2018,Path to Home Lodge,Bridge House,35
3/12/2018,Path to Home Lodge,Bridge House,37
3/13/2018,Path to Home Lodge,Bridge House,40
3/14/2018,Path to Home Lodge,Bridge House,36
3/15/2018,Path to Home Lodge,Bridge House,29
3/16/2018,Path to Home Lodge,Bridge House,29
3/17/2018,Path to Home Lodge,Bridge House,36
3/18/2018,Path to Home Lodge,Bridge House,34
3/19/2018,Path to Home Lodge,Bridge House,36
3/20/2018,Path to Home Lodge,Bridge House,37
3/21/2018,Path to Home Lodge,Bridge House,40
3/22/2018,Path to Home Lodge,Bridge House,43
3/23/2018,Path to Home Lodge,Bridge House,36
3/24/2018,Path to Home Lodge,Bridge House,34
3/25/2018,Path to Home Lodge,Bridge House,29
3/26/2018,Path to Home Lodge,Bridge House,31
3/27/2018,Path to Home Lodge,Bridge House,31
3/28/2018,Path to Home Lodge,Bridge House,33
3/29/2018,Path to Home Lodge,Bridge House,36
3/30/2018,Path to Home Lodge,Bridge House,32
3/31/2018,Path to Home Lodge,Bridge House,27
4/1/2018,Path to Home Lodge,Bridge House,27
4/2/2018,Path to Home Lodge,Bridge House,27
4/3/2018,Path to Home Lodge,Bridge House,25
4/4/2018,Path to Home Lodge,Bridge House,33
4/5/2018,Path to Home Lodge,Bridge House,21
4/6/2018,Path to Home Lodge,Bridge House,29
4/7/2018,Path to Home Lodge,Bridge House,38
4/8/2018,Path to Home Lodge,Bridge House,38
4/9/2018,Path to Home Lodge,Bridge House,34
4/10/2018,Path to Home Lodge,Bridge House,37
4/11/2018,Path to Home Lodge,Bridge House,30
4/12/2018,Path to Home Lodge,Bridge House,24
4/13/2018,Path to Home Lodge,Bridge House,29
4/14/2018,Path to Home Lodge,Bridge House,33
4/15/2018,Path to Home Lodge,Bridge House,36
4/16/2018,Path to Home Lodge,Bridge House,40
4/17/2018,Path to Home Lodge,Bridge House,32
4/18/2018,Path to Home Lodge,Bridge House,26
4/19/2018,Path to Home Lodge,Bridge House,26
4/20/2018,Path to Home Lodge,Bridge House,24
4/21/2018,Path to Home Lodge,Bridge House,30
4/22/2018,Path to Home Lodge,Bridge House,35
4/23/2018,Path to Home Lodge,Bridge House,28
4/24/2018,Path to Home Lodge,Bridge House,27
4/25/2018,Path to Home Lodge,Bridge House,34
4/26/2018,Path to Home Lodge,Bridge House,37
4/27/2018,Path to Home Lodge,Bridge House,33
4/28/2018,Path to Home Lodge,Bridge House,21
4/29/2018,Path to Home Lodge,Bridge House,28
4/30/2018,Path to Home Lodge,Bridge House,35
5/1/2018,Path to Home Lodge,Bridge House,38
5/2/2018,Path to Home Lodge,Bridge House,29
5/3/2018,Path to Home Lodge,Bridge House,38
5/4/2018,Path to Home Lodge,Bridge House,34
5/5/2018,Path to Home Lodge,Bridge House,33
5/6/2018,Path to Home Lodge,Bridge House,30
5/7/2018,Path to Home Lodge,Bridge House,34
5/8/2018,Path to Home Lodge,Bridge House,34
5/9/2018,Path to Home Lodge,Bridge House,29
5/10/2018,Path to Home Lodge,Bridge House,29
5/11/2018,Path to Home Lodge,Bridge House,29
5/12/2018,Path to Home Lodge,Bridge House,35
5/13/2018,Path to Home Lodge,Bridge House,35
5/14/2018,Path to Home Lodge,Bridge House,30
5/15/2018,Path to Home Lodge,Bridge House,30
5/16/2018,Path to Home Lodge,Bridge House,32
5/17/2018,Path to Home Lodge,Bridge House,28
5/18/2018,Path to Home Lodge,Bridge House,22
5/19/2018,Path to Home Lodge,Bridge House,28
5/20/2018,Path to Home Lodge,Bridge House,25
5/21/2018,Path to Home Lodge,Bridge House,32
5/22/2018,Path to Home Lodge,Bridge House,33
5/23/2018,Path to Home Lodge,Bridge House,32
5/24/2018,Path to Home Lodge,Bridge House,30
5/25/2018,Path to Home Lodge,Bridge House,28
5/26/2018,Path to Home Lodge,Bridge House,28
5/27/2018,Path to Home Lodge,Bridge House,27
5/28/2018,Path to Home Lodge,Bridge House,32
5/29/2018,Path to Home Lodge,Bridge House,40
5/30/2018,Path to Home Lodge,Bridge House,35
5/31/2018,Path to Home Lodge,Bridge House,35
6/1/2018,Path to Home Lodge,Bridge House,36
6/2/2018,Path to Home Lodge,Bridge House,34
6/3/2018,Path to Home Lodge,Bridge House,35
6/4/2018,Path to Home Lodge,Bridge House,41
6/5/2018,Path to Home Lodge,Bridge House,39
6/6/2018,Path to Home Lodge,Bridge House,40
6/7/2018,Path to Home Lodge,Bridge House,36
6/8/2018,Path to Home Lodge,Bridge House,42
6/9/2018,Path to Home Lodge,Bridge House,40
6/10/2018,Path to Home Lodge,Bridge House,33
6/11/2018,Path to Home Lodge,Bridge House,45
6/12/2018,Path to Home Lodge,Bridge House,47
6/13/2018,Path to Home Lodge,Bridge House,39
6/14/2018,Path to Home Lodge,Bridge House,48
6/15/2018,Path to Home Lodge,Bridge House,52
6/16/2018,Path to Home Lodge,Bridge House,54
6/17/2018,Path to Home Lodge,Bridge House,53
6/18/2018,Path to Home Lodge,Bridge House,31
6/19/2018,Path to Home Lodge,Bridge House,52
6/20/2018,Path to Home Lodge,Bridge House,51
6/21/2018,Path to Home Lodge,Bridge House,45
6/22/2018,Path to Home Lodge,Bridge House,45
6/23/2018,Path to Home Lodge,Bridge House,37
6/24/2018,Path to Home Lodge,Bridge House,37
6/25/2018,Path to Home Lodge,Bridge House,46
6/26/2018,Path to Home Lodge,Bridge House,43
6/27/2018,Path to Home Lodge,Bridge House,43
6/28/2018,Path to Home Lodge,Bridge House,49
6/29/2018,Path to Home Lodge,Bridge House,42
6/30/2018,Path to Home Lodge,Bridge House,41
7/1/2018,Path to Home Lodge,Bridge House,43
7/2/2018,Path to Home Lodge,Bridge House,40
7/3/2018,Path to Home Lodge,Bridge House,40
7/4/2018,Path to Home Lodge,Bridge House,36
7/5/2018,Path to Home Lodge,Bridge House,41
7/6/2018,Path to Home Lodge,Bridge House,38
7/7/2018,Path to Home Lodge,Bridge House,36
7/8/2018,Path to Home Lodge,Bridge House,45
7/9/2018,Path to Home Lodge,Bridge House,38
7/10/2018,Path to Home Lodge,Bridge House,44
7/11/2018,Path to Home Lodge,Bridge House,34
7/12/2018,Path to Home Lodge,Bridge House,40
7/13/2018,Path to Home Lodge,Bridge House,42
7/14/2018,Path to Home Lodge,Bridge House,24
7/15/2018,Path to Home Lodge,Bridge House,41
7/16/2018,Path to Home Lodge,Bridge House,34
7/17/2018,Path to Home Lodge,Bridge House,34
7/18/2018,Path to Home Lodge,Bridge House,34
7/19/2018,Path to Home Lodge,Bridge House,36
7/20/2018,Path to Home Lodge,Bridge House,40
7/21/2018,Path to Home Lodge,Bridge House,30
7/22/2018,Path to Home Lodge,Bridge House,37
7/23/2018,Path to Home Lodge,Bridge House,38
7/24/2018,Path to Home Lodge,Bridge House,37
7/25/2018,Path to Home Lodge,Bridge House,40
7/26/2018,Path to Home Lodge,Bridge House,38
7/27/2018,Path to Home Lodge,Bridge House,35
7/28/2018,Path to Home Lodge,Bridge House,35
7/29/2018,Path to Home Lodge,Bridge House,36
7/30/2018,Path to Home Lodge,Bridge House,36
7/31/2018,Path to Home Lodge,Bridge House,45
8/1/2018,Path to Home Lodge,Bridge House,32
8/2/2018,Path to Home Lodge,Bridge House,36
8/3/2018,Path to Home Lodge,Bridge House,35
8/4/2018,Path to Home Lodge,Bridge House,33
8/5/2018,Path to Home Lodge,Bridge House,41
8/6/2018,Path to Home Lodge,Bridge House,35
8/7/2018,Path to Home Lodge,Bridge House,35
8/8/2018,Path to Home Lodge,Bridge House,30
8/9/2018,Path to Home Lodge,Bridge House,38
8/10/2018,Path to Home Lodge,Bridge House,34
8/11/2018,Path to Home Lodge,Bridge House,25
8/12/2018,Path to Home Lodge,Bridge House,30
8/13/2018,Path to Home Lodge,Bridge House,36
8/14/2018,Path to Home Lodge,Bridge House,38
8/15/2018,Path to Home Lodge,Bridge House,32
8/16/2018,Path to Home Lodge,Bridge House,37
8/17/2018,Path to Home Lodge,Bridge House,41
8/18/2018,Path to Home Lodge,Bridge House,29
8/19/2018,Path to Home Lodge,Bridge House,33
8/20/2018,Path to Home Lodge,Bridge House,31
8/21/2018,Path to Home Lodge,Bridge House,42
8/22/2018,Path to Home Lodge,Bridge House,40
8/23/2018,Path to Home Lodge,Bridge House,42
8/24/2018,Path to Home Lodge,Bridge House,39
8/25/2018,Path to Home Lodge,Bridge House,36
8/26/2018,Path to Home Lodge,Bridge House,38
8/27/2018,Path to Home Lodge,Bridge House,39
8/28/2018,Path to Home Lodge,Bridge House,42
8/29/2018,Path to Home Lodge,Bridge House,41
8/30/2018,Path to Home Lodge,Bridge House,41
8/31/2018,Path to Home Lodge,Bridge House,42
9/1/2018,Path to Home Lodge,Bridge House,36
9/2/2018,Path to Home Lodge,Bridge House,26
9/3/2018,Path to Home Lodge,Bridge House,27
9/4/2018,Path to Home Lodge,Bridge House,37
9/5/2018,Path to Home Lodge,Bridge House,30
9/6/2018,Path to Home Lodge,Bridge House,36
9/7/2018,Path to Home Lodge,Bridge House,34
9/8/2018,Path to Home Lodge,Bridge House,39
9/9/2018,Path to Home Lodge,Bridge House,35
9/10/2018,Path to Home Lodge,Bridge House,37
9/11/2018,Path to Home Lodge,Bridge House,39
9/12/2018,Path to Home Lodge,Bridge House,34
9/13/2018,Path to Home Lodge,Bridge House,35
9/14/2018,Path to Home Lodge,Bridge House,34
9/15/2018,Path to Home Lodge,Bridge House,28
9/16/2018,Path to Home Lodge,Bridge House,31
9/17/2018,Path to Home Lodge,Bridge House,26
9/18/2018,Path to Home Lodge,Bridge House,26
9/19/2018,Path to Home Lodge,Bridge House,35
9/20/2018,Path to Home Lodge,Bridge House,38
9/21/2018,Path to Home Lodge,Bridge House,36
9/22/2018,Path to Home Lodge,Bridge House,35
9/23/2018,Path to Home Lodge,Bridge House,33
9/24/2018,Path to Home Lodge,Bridge House,34
9/25/2018,Path to Home Lodge,Bridge House,32
9/26/2018,Path to Home Lodge,Bridge House,37
9/27/2018,Path to Home Lodge,Bridge House,38
9/28/2018,Path to Home Lodge,Bridge House,39
9/29/2018,Path to Home Lodge,Bridge House,40
9/30/2018,Path to Home Lodge,Bridge House,38
10/1/2018,Path to Home Lodge,Bridge House,37
10/2/2018,Path to Home Lodge,Bridge House,38
10/3/2018,Path to Home Lodge,Bridge House,36
10/4/2018,Path to Home Lodge,Bridge House,42
10/5/2018,Path to Home Lodge,Bridge House,39
10/6/2018,Path to Home Lodge,Bridge House,34
10/7/2018,Path to Home Lodge,Bridge House,37
10/8/2018,Path to Home Lodge,Bridge House,37
10/9/2018,Path to Home Lodge,Bridge House,43
10/10/2018,Path to Home Lodge,Bridge House,40
10/11/2018,Path to Home Lodge,Bridge House,39
10/12/2018,Path to Home Lodge,Bridge House,41
10/13/2018,Path to Home Lodge,Bridge House,37
10/14/2018,Path to Home Lodge,Bridge House,35
10/15/2018,Path to Home Lodge,Bridge House,33
10/16/2018,Path to Home Lodge,Bridge House,34
10/17/2018,Path to Home Lodge,Bridge House,34
10/18/2018,Path to Home Lodge,Bridge House,41
10/19/2018,Path to Home Lodge,Bridge House,42
10/20/2018,Path to Home Lodge,Bridge House,40
10/21/2018,Path to Home Lodge,Bridge House,42
10/22/2018,Path to Home Lodge,Bridge House,37
10/23/2018,Path to Home Lodge,Bridge House,37
10/24/2018,Path to Home Lodge,Bridge House,37
10/25/2018,Path to Home Lodge,Bridge House,35
10/26/2018,Path to Home Lodge,Bridge House,39
10/27/2018,Path to Home Lodge,Bridge House,40
10/28/2018,Path to Home Lodge,Bridge House,39
10/29/2018,Path to Home Lodge,Bridge House,37
10/30/2018,Path to Home Lodge,Bridge House,41
10/31/2018,Path to Home Lodge,Bridge House,27
11/1/2018,Path to Home Lodge,Bridge House,40
11/2/2018,Path to Home Lodge,Bridge House,40
11/3/2018,Path to Home Lodge,Bridge House,39
11/4/2018,Path to Home Lodge,Bridge House,37
11/5/2018,Path to Home Lodge,Bridge House,32
11/6/2018,Path to Home Lodge,Bridge House,38
11/7/2018,Path to Home Lodge,Bridge House,38
11/8/2018,Path to Home Lodge,Bridge House,44
11/9/2018,Path to Home Lodge,Bridge House,41
11/10/2018,Path to Home Lodge,Bridge House,34
11/11/2018,Path to Home Lodge,Bridge House,38
11/12/2018,Path to Home Lodge,Bridge House,41
11/13/2018,Path to Home Lodge,Bridge House,44
11/14/2018,Path to Home Lodge,Bridge House,43
11/15/2018,Path to Home Lodge,Bridge House,43
11/16/2018,Path to Home Lodge,Bridge House,40
11/17/2018,Path to Home Lodge,Bridge House,37
11/18/2018,Path to Home Lodge,Bridge House,38
11/19/2018,Path to Home Lodge,Bridge House,35
11/20/2018,Path to Home Lodge,Bridge House,29
11/21/2018,Path to Home Lodge,Bridge House,33
11/22/2018,Path to Home Lodge,Bridge House,31
11/23/2018,Path to Home Lodge,Bridge House,38
11/24/2018,Path to Home Lodge,Bridge House,45
11/25/2018,Path to Home Lodge,Bridge House,43
11/26/2018,Path to Home Lodge,Bridge House,39
11/27/2018,Path to Home Lodge,Bridge House,39
11/28/2018,Path to Home Lodge,Bridge House,37
11/29/2018,Path to Home Lodge,Bridge House,40
11/30/2018,Path to Home Lodge,Bridge House,43
12/1/2018,Path to Home Lodge,Bridge House,41
12/2/2018,Path to Home Lodge,Bridge House,40
12/3/2018,Path to Home Lodge,Bridge House,37
12/4/2018,Path to Home Lodge,Bridge House,38
12/5/2018,Path to Home Lodge,Bridge House,42
12/6/2018,Path to Home Lodge,Bridge House,39
12/7/2018,Path to Home Lodge,Bridge House,40
12/8/2018,Path to Home Lodge,Bridge House,37
12/9/2018,Path to Home Lodge,Bridge House,37
12/10/2018,Path to Home Lodge,Bridge House,35
12/11/2018,Path to Home Lodge,Bridge House,38
12/12/2018,Path to Home Lodge,Bridge House,37
12/13/2018,Path to Home Lodge,Bridge House,38
12/14/2018,Path to Home Lodge,Bridge House,40
12/15/2018,Path to Home Lodge,Bridge House,37
12/16/2018,Path to Home Lodge,Bridge House,35
12/17/2018,Path to Home Lodge,Bridge House,39
12/18/2018,Path to Home Lodge,Bridge House,45
12/19/2018,Path to Home Lodge,Bridge House,47
12/20/2018,Path to Home Lodge,Bridge House,46
12/21/2018,Path to Home Lodge,Bridge House,42
12/22/2018,Path to Home Lodge,Bridge House,38
12/23/2018,Path to Home Lodge,Bridge House,38
12/24/2018,Path to Home Lodge,Bridge House,32
12/25/2018,Path to Home Lodge,Bridge House,42
12/26/2018,Path to Home Lodge,Bridge House,45
12/27/2018,Path to Home Lodge,Bridge House,43
12/28/2018,Path to Home Lodge,Bridge House,32
12/29/2018,Path to Home Lodge,Bridge House,34
12/30/2018,Path to Home Lodge,Bridge House,36
12/31/2018,Path to Home Lodge,Bridge House,32
1/1/2019,Path to Home Lodge,Bridge House,30
1/2/2019,Path to Home Lodge,Bridge House,30
1/3/2019,Path to Home Lodge,Bridge House,34
1/4/2019,Path to Home Lodge,Bridge House,30
1/5/2019,Path to Home Lodge,Bridge House,32
1/6/2019,Path to Home Lodge,Bridge House,34
1/7/2019,Path to Home Lodge,Bridge House,36
1/8/2019,Path to Home Lodge,Bridge House,38
1/9/2019,Path to Home Lodge,Bridge House,37
1/10/2019,Path to Home Lodge,Bridge House,44
1/11/2019,Path to Home Lodge,Bridge House,44
1/12/2019,Path to Home Lodge,Bridge House,39
1/13/2019,Path to Home Lodge,Bridge House,44
1/14/2019,Path to Home Lodge,Bridge House,44
1/15/2019,Path to Home Lodge,Bridge House,43
1/16/2019,Path to Home Lodge,Bridge House,40
1/17/2019,Path to Home Lodge,Bridge House,37
1/18/2019,Path to Home Lodge,Bridge House,41
1/19/2019,Path to Home Lodge,Bridge House,35
1/20/2019,Path to Home Lodge,Bridge House,42
1/21/2019,Path to Home Lodge,Bridge House,25
1/22/2019,Path to Home Lodge,Bridge House,29
1/23/2019,Path to Home Lodge,Bridge House,29
1/24/2019,Path to Home Lodge,Bridge House,30
1/25/2019,Path to Home Lodge,Bridge House,28
1/26/2019,Path to Home Lodge,Bridge House,32
1/27/2019,Path to Home Lodge,Bridge House,36
1/28/2019,Path to Home Lodge,Bridge House,33
1/29/2019,Path to Home Lodge,Bridge House,32
1/30/2019,Path to Home Lodge,Bridge House,28
1/31/2019,Path to Home Lodge,Bridge House,30
2/1/2019,Path to Home Lodge,Bridge House,30
2/2/2019,Path to Home Lodge,Bridge House,30
2/3/2019,Path to Home Lodge,Bridge House,29
2/4/2019,Path to Home Lodge,Bridge House,29
2/5/2019,Path to Home Lodge,Bridge House,27
2/6/2019,Path to Home Lodge,Bridge House,34
2/7/2019,Path to Home Lodge,Bridge House,33
2/8/2019,Path to Home Lodge,Bridge House,37
2/9/2019,Path to Home Lodge,Bridge House,37
2/10/2019,Path to Home Lodge,Bridge House,39
2/11/2019,Path to Home Lodge,Bridge House,38
2/12/2019,Path to Home Lodge,Bridge House,32
2/13/2019,Path to Home Lodge,Bridge House,39
2/14/2019,Path to Home Lodge,Bridge House,41
2/15/2019,Path to Home Lodge,Bridge House,45
2/16/2019,Path to Home Lodge,Bridge House,41
2/17/2019,Path to Home Lodge,Bridge House,43
2/18/2019,Path to Home Lodge,Bridge House,40
2/19/2019,Path to Home Lodge,Bridge House,37
2/20/2019,Path to Home Lodge,Bridge House,41
2/21/2019,Path to Home Lodge,Bridge House,42
2/22/2019,Path to Home Lodge,Bridge House,43
2/23/2019,Path to Home Lodge,Bridge House,39
2/24/2019,Path to Home Lodge,Bridge House,37
2/25/2019,Path to Home Lodge,Bridge House,40
2/26/2019,Path to Home Lodge,Bridge House,45
2/27/2019,Path to Home Lodge,Bridge House,41
2/28/2019,Path to Home Lodge,Bridge House,37
3/1/2019,Path to Home Lodge,Bridge House,39
3/2/2019,Path to Home Lodge,Bridge House,37
3/3/2019,Path to Home Lodge,Bridge House,39
3/4/2019,Path to Home Lodge,Bridge House,40
3/5/2019,Path to Home Lodge,Bridge House,39
3/6/2019,Path to Home Lodge,Bridge House,48
3/7/2019,Path to Home Lodge,Bridge House,39
3/8/2019,Path to Home Lodge,Bridge House,48
3/9/2019,Path to Home Lodge,Bridge House,40
3/10/2019,Path to Home Lodge,Bridge House,46
3/11/2019,Path to Home Lodge,Bridge House,42
3/12/2019,Path to Home Lodge,Bridge House,39
3/13/2019,Path to Home Lodge,Bridge House,39
3/14/2019,Path to Home Lodge,Bridge House,38
3/15/2019,Path to Home Lodge,Bridge House,42
3/16/2019,Path to Home Lodge,Bridge House,38
3/17/2019,Path to Home Lodge,Bridge House,44
3/18/2019,Path to Home Lodge,Bridge House,45
3/19/2019,Path to Home Lodge,Bridge House,43
3/20/2019,Path to Home Lodge,Bridge House,40
3/21/2019,Path to Home Lodge,Bridge House,40
3/22/2019,Path to Home Lodge,Bridge House,40
3/23/2019,Path to Home Lodge,Bridge House,44
3/24/2019,Path to Home Lodge,Bridge House,42
3/25/2019,Path to Home Lodge,Bridge House,41
3/26/2019,Path to Home Lodge,Bridge House,46
3/27/2019,Path to Home Lodge,Bridge House,41
3/28/2019,Path to Home Lodge,Bridge House,44
3/29/2019,Path to Home Lodge,Bridge House,43
3/30/2019,Path to Home Lodge,Bridge House,46
3/31/2019,Path to Home Lodge,Bridge House,43
10/8/2017,Severe Weather Shelter,Bridge House,15
10/9/2017,Severe Weather Shelter,Bridge House,32
10/29/2017,Severe Weather Shelter,Bridge House,10
10/30/2017,Severe Weather Shelter,Bridge House,16
11/7/2017,Severe Weather Shelter,Bridge House,24
11/27/2017,Severe Weather Shelter,Bridge House,12
11/28/2017,Severe Weather Shelter,Bridge House,8
12/3/2017,Severe Weather Shelter,Bridge House,7
12/4/2017,Severe Weather Shelter,Bridge House,18
12/6/2017,Severe Weather Shelter,Bridge House,16
12/7/2017,Severe Weather Shelter,Bridge House,17
12/13/2017,Severe Weather Shelter,Bridge House,10
12/16/2017,Severe Weather Shelter,Bridge House,12
12/20/2017,Severe Weather Shelter,Bridge House,30
12/21/2017,Severe Weather Shelter,Bridge House,38
12/22/2017,Severe Weather Shelter,Bridge House,28
12/23/2017,Severe Weather Shelter,Bridge House,16
12/24/2017,Severe Weather Shelter,Bridge House,34
12/25/2017,Severe Weather Shelter,Bridge House,30
12/26/2017,Severe Weather Shelter,Bridge House,43
12/30/2017,Severe Weather Shelter,Bridge House,17
12/31/2017,Severe Weather Shelter,Bridge House,33
1/1/2018,Severe Weather Shelter,Bridge House,29
1/6/2018,Severe Weather Shelter,Bridge House,6
1/10/2018,Severe Weather Shelter,Bridge House,15
1/14/2018,Severe Weather Shelter,Bridge House,10
1/15/2018,Severe Weather Shelter,Bridge House,46
1/16/2018,Severe Weather Shelter,Bridge House,35
1/20/2018,Severe Weather Shelter,Bridge House,33
1/21/2018,Severe Weather Shelter,Bridge House,25
1/22/2018,Severe Weather Shelter,Bridge House,40
1/23/2018,Severe Weather Shelter,Bridge House,41
1/26/2018,Severe Weather Shelter,Bridge House,22
1/27/2018,Severe Weather Shelter,Bridge House,12
1/28/2018,Severe Weather Shelter,Bridge House,25
1/31/2018,Severe Weather Shelter,Bridge House,42
2/1/2018,Severe Weather Shelter,Bridge House,37
2/3/2018,Severe Weather Shelter,Bridge House,9
2/4/2018,Severe Weather Shelter,Bridge House,34
2/5/2018,Severe Weather Shelter,Bridge House,25
2/6/2018,Severe Weather Shelter,Bridge House,37
2/7/2018,Severe Weather Shelter,Bridge House,42
2/8/2018,Severe Weather Shelter,Bridge House,33
2/9/2018,Severe Weather Shelter,Bridge House,39
2/10/2018,Severe Weather Shelter,Bridge House,49
2/11/2018,Severe Weather Shelter,Bridge House,32
2/12/2018,Severe Weather Shelter,Bridge House,43
2/13/2018,Severe Weather Shelter,Bridge House,43
2/14/2018,Severe Weather Shelter,Bridge House,46
2/15/2018,Severe Weather Shelter,Bridge House,53
2/16/2018,Severe Weather Shelter,Bridge House,49
2/17/2018,Severe Weather Shelter,Bridge House,34
2/18/2018,Severe Weather Shelter,Bridge House,21
2/19/2018,Severe Weather Shelter,Bridge House,40
2/20/2018,Severe Weather Shelter,Bridge House,48
2/21/2018,Severe Weather Shelter,Bridge House,53
2/22/2018,Severe Weather Shelter,Bridge House,52
2/23/2018,Severe Weather Shelter,Bridge House,53
2/24/2018,Severe Weather Shelter,Bridge House,57
2/25/2018,Severe Weather Shelter,Bridge House,60
2/26/2018,Severe Weather Shelter,Bridge House,54
2/27/2018,Severe Weather Shelter,Bridge House,46
2/28/2018,Severe Weather Shelter,Bridge House,51
3/1/2018,Severe Weather Shelter,Bridge House,51
3/4/2018,Severe Weather Shelter,Bridge House,36
3/5/2018,Severe Weather Shelter,Bridge House,40
3/6/2018,Severe Weather Shelter,Bridge House,38
3/7/2018,Severe Weather Shelter,Bridge House,44
3/10/2018,Severe Weather Shelter,Bridge House,38
3/11/2018,Severe Weather Shelter,Bridge House,35
3/12/2018,Severe Weather Shelter,Bridge House,24
3/15/2018,Severe Weather Shelter,Bridge House,25
3/16/2018,Severe Weather Shelter,Bridge House,27
3/18/2018,Severe Weather Shelter,Bridge House,40
3/19/2018,Severe Weather Shelter,Bridge House,26
3/20/2018,Severe Weather Shelter,Bridge House,31
3/25/2018,Severe Weather Shelter,Bridge House,22
3/26/2018,Severe Weather Shelter,Bridge House,37
3/27/2018,Severe Weather Shelter,Bridge House,29
3/28/2018,Severe Weather Shelter,Bridge House,38
3/29/2018,Severe Weather Shelter,Bridge House,48
3/31/2018,Severe Weather Shelter,Bridge House,24
4/1/2018,Severe Weather Shelter,Bridge House,26
4/2/2018,Severe Weather Shelter,Bridge House,32
4/3/2018,Severe Weather Shelter,Bridge House,40
4/5/2018,Severe Weather Shelter,Bridge House,23
4/6/2018,Severe Weather Shelter,Bridge House,58
4/12/2018,Severe Weather Shelter,Bridge House,34
4/13/2018,Severe Weather Shelter,Bridge House,44
4/14/2018,Severe Weather Shelter,Bridge House,30
4/17/2018,Severe Weather Shelter,Bridge House,32
4/18/2018,Severe Weather Shelter,Bridge House,30
4/20/2018,Severe Weather Shelter,Bridge House,40
4/23/2018,Severe Weather Shelter,Bridge House,24
4/24/2018,Severe Weather Shelter,Bridge House,42
5/2/2018,Severe Weather Shelter,Bridge House,31
5/18/2018,Severe Weather Shelter,Bridge House,15
10/5/2018,Severe Weather Shelter,Bridge House,17
10/6/2018,Severe Weather Shelter,Bridge House,20
10/7/2018,Severe Weather Shelter,Bridge House,13
10/8/2018,Severe Weather Shelter,Bridge House,55
10/9/2018,Severe Weather Shelter,Bridge House,45
10/10/2018,Severe Weather Shelter,Bridge House,56
10/11/2018,Severe Weather Shelter,Bridge House,43
10/13/2018,Severe Weather Shelter,Bridge House,36
10/14/2018,Severe Weather Shelter,Bridge House,74
10/15/2018,Severe Weather Shelter,Bridge House,48
10/16/2018,Severe Weather Shelter,Bridge House,57
10/30/2018,Severe Weather Shelter,Bridge House,52
11/3/2018,Severe Weather Shelter,Bridge House,18
11/4/2018,Severe Weather Shelter,Bridge House,22
11/5/2018,Severe Weather Shelter,Bridge House,28
11/6/2018,Severe Weather Shelter,Bridge House,38
11/7/2018,Severe Weather Shelter,Bridge House,43
11/8/2018,Severe Weather Shelter,Bridge House,53
11/9/2018,Severe Weather Shelter,Bridge House,54
11/10/2018,Severe Weather Shelter,Bridge House,51
11/11/2018,Severe Weather Shelter,Bridge House,76
11/12/2018,Severe Weather Shelter,Bridge House,39
11/13/2018,Severe Weather Shelter,Bridge House,65
11/16/2018,Severe Weather Shelter,Bridge House,53
11/17/2018,Severe Weather Shelter,Bridge House,46
11/18/2018,Severe Weather Shelter,Bridge House,38
11/19/2018,Severe Weather Shelter,Bridge House,45
11/20/2018,Severe Weather Shelter,Bridge House,52
11/21/2018,Severe Weather Shelter,Bridge House,56
11/23/2018,Severe Weather Shelter,Bridge House,59
11/24/2018,Severe Weather Shelter,Bridge House,43
11/25/2018,Severe Weather Shelter,Bridge House,60
11/26/2018,Severe Weather Shelter,Bridge House,53
11/28/2018,Severe Weather Shelter,Bridge House,41
11/29/2018,Severe Weather Shelter,Bridge House,46
11/30/2018,Severe Weather Shelter,Bridge House,43
12/1/2018,Severe Weather Shelter,Bridge House,47
12/2/2018,Severe Weather Shelter,Bridge House,54
12/3/2018,Severe Weather Shelter,Bridge House,55
12/4/2018,Severe Weather Shelter,Bridge House,59
12/5/2018,Severe Weather Shelter,Bridge House,50
12/6/2018,Severe Weather Shelter,Bridge House,54
12/7/2018,Severe Weather Shelter,Bridge House,61
12/8/2018,Severe Weather Shelter,Bridge House,53
12/9/2018,Severe Weather Shelter,Bridge House,46
12/11/2018,Severe Weather Shelter,Bridge House,45
12/12/2018,Severe Weather Shelter,Bridge House,67
12/13/2018,Severe Weather Shelter,Bridge House,67
12/14/2018,Severe Weather Shelter,Bridge House,57
12/15/2018,Severe Weather Shelter,Bridge House,61
12/16/2018,Severe Weather Shelter,Bridge House,51
12/19/2018,Severe Weather Shelter,Bridge House,57
12/20/2018,Severe Weather Shelter,Bridge House,60
12/21/2018,Severe Weather Shelter,Bridge House,59
12/22/2018,Severe Weather Shelter,Bridge House,51
12/23/2018,Severe Weather Shelter,Bridge House,64
12/24/2018,Severe Weather Shelter,Bridge House,55
12/25/2018,Severe Weather Shelter,Bridge House,63
12/26/2018,Severe Weather Shelter,Bridge House,75
12/27/2018,Severe Weather Shelter,Bridge House,82
12/28/2018,Severe Weather Shelter,Bridge House,93
12/29/2018,Severe Weather Shelter,Bridge House,85
12/30/2018,Severe Weather Shelter,Bridge House,78
12/31/2018,Severe Weather Shelter,Bridge House,76
1/1/2019,Severe Weather Shelter,Bridge House,76
1/2/2019,Severe Weather Shelter,Bridge House,77
1/3/2019,Severe Weather Shelter,Bridge House,65
1/4/2019,Severe Weather Shelter,Bridge House,47
1/5/2019,Severe Weather Shelter,Bridge House,49
1/6/2019,Severe Weather Shelter,Bridge House,61
1/7/2019,Severe Weather Shelter,Bridge House,62
1/8/2019,Severe Weather Shelter,Bridge House,64
1/9/2019,Severe Weather Shelter,Bridge House,0
1/10/2019,Severe Weather Shelter,Bridge House,43
1/11/2019,Severe Weather Shelter,Bridge House,69
1/12/2019,Severe Weather Shelter,Bridge House,76
1/13/2019,Severe Weather Shelter,Bridge House,79
1/14/2019,Severe Weather Shelter,Bridge House,73
1/15/2019,Severe Weather Shelter,Bridge House,75
1/16/2019,Severe Weather Shelter,Bridge House,60
1/17/2019,Severe Weather Shelter,Bridge House,58
1/18/2019,Severe Weather Shelter,Bridge House,71
1/19/2019,Severe Weather Shelter,Bridge House,70
1/20/2019,Severe Weather Shelter,Bridge House,59
1/21/2019,Severe Weather Shelter,Bridge House,78
1/22/2019,Severe Weather Shelter,Bridge House,76
1/23/2019,Severe Weather Shelter,Bridge House,77
1/24/2019,Severe Weather Shelter,Bridge House,80
1/25/2019,Severe Weather Shelter,Bridge House,79
1/26/2019,Severe Weather Shelter,Bridge House,67
1/27/2019,Severe Weather Shelter,Bridge House,60
1/28/2019,Severe Weather Shelter,Bridge House,76
1/29/2019,Severe Weather Shelter,Bridge House,76
1/30/2019,Severe Weather Shelter,Bridge House,75
1/31/2019,Severe Weather Shelter,Bridge House,68
2/1/2019,Severe Weather Shelter,Bridge House,0
2/2/2019,Severe Weather Shelter,Bridge House,0
2/3/2019,Severe Weather Shelter,Bridge House,46
2/4/2019,Severe Weather Shelter,Bridge House,66
2/5/2019,Severe Weather Shelter,Bridge House,64
2/6/2019,Severe Weather Shelter,Bridge House,82
2/7/2019,Severe Weather Shelter,Bridge House,91
2/8/2019,Severe Weather Shelter,Bridge House,86
2/9/2019,Severe Weather Shelter,Bridge House,83
2/10/2019,Severe Weather Shelter,Bridge House,91
2/11/2019,Severe Weather Shelter,Bridge House,82
2/12/2019,Severe Weather Shelter,Bridge House,74
2/13/2019,Severe Weather Shelter,Bridge House,80
2/14/2019,Severe Weather Shelter,Bridge House,77
2/15/2019,Severe Weather Shelter,Bridge House,67
2/16/2019,Severe Weather Shelter,Bridge House,70
2/17/2019,Severe Weather Shelter,Bridge House,77
2/18/2019,Severe Weather Shelter,Bridge House,80
2/19/2019,Severe Weather Shelter,Bridge House,81
2/20/2019,Severe Weather Shelter,Bridge House,74
2/21/2019,Severe Weather Shelter,Bridge House,86
2/22/2019,Severe Weather Shelter,Bridge House,85
2/23/2019,Severe Weather Shelter,Bridge House,92
2/24/2019,Severe Weather Shelter,Bridge House,87
2/25/2019,Severe Weather Shelter,Bridge House,84
2/26/2019,Severe Weather Shelter,Bridge House,73
2/27/2019,Severe Weather Shelter,Bridge House,72
2/28/2019,Severe Weather Shelter,Bridge House,70
3/1/2019,Severe Weather Shelter,Bridge House,79
3/2/2019,Severe Weather Shelter,Bridge House,94
3/3/2019,Severe Weather Shelter,Bridge House,85
3/4/2019,Severe Weather Shelter,Bridge House,88
3/5/2019,Severe Weather Shelter,Bridge House,82
3/6/2019,Severe Weather Shelter,Bridge House,90
3/7/2019,Severe Weather Shelter,Bridge House,87
3/8/2019,Severe Weather Shelter,Bridge House,92
3/9/2019,Severe Weather Shelter,Bridge House,88
3/10/2019,Severe Weather Shelter,Bridge House,78
3/11/2019,Severe Weather Shelter,Bridge House,78
3/12/2019,Severe Weather Shelter,Bridge House,72
3/13/2019,Severe Weather Shelter,Bridge House,91
3/14/2019,Severe Weather Shelter,Bridge House,90
3/15/2019,Severe Weather Shelter,Bridge House,81
3/16/2019,Severe Weather Shelter,Bridge House,85
3/17/2019,Severe Weather Shelter,Bridge House,72
3/18/2019,Severe Weather Shelter,Bridge House,74
3/19/2019,Severe Weather Shelter,Bridge House,78
3/20/2019,Severe Weather Shelter,Bridge House,74
3/22/2019,Severe Weather Shelter,Bridge House,66
3/24/2019,Severe Weather Shelter,Bridge House,57
3/25/2019,Severe Weather Shelter,Bridge House,66
3/28/2019,Severe Weather Shelter,Bridge House,58
3/29/2019,Severe Weather Shelter,Bridge House,80
3/30/2019,Severe Weather Shelter,Bridge House,79
3/31/2019,Severe Weather Shelter,Bridge House,68
